{
  "hash": "f2d9a9df",
  "configHash": "79b0bebc",
  "lockfileHash": "2a561deb",
  "browserHash": "feed08fb",
  "optimized": {
    "@fortawesome/free-solid-svg-icons": {
      "src": "../../node_modules/@fortawesome/free-solid-svg-icons/index.mjs",
      "file": "@fortawesome_free-solid-svg-icons.js",
      "fileHash": "61b2115a",
      "needsInterop": false
    },
    "@fortawesome/react-fontawesome": {
      "src": "../../node_modules/@fortawesome/react-fontawesome/dist/index.js",
      "file": "@fortawesome_react-fontawesome.js",
      "fileHash": "2412fe50",
      "needsInterop": false
    },
    "@reduxjs/toolkit": {
      "src": "../../node_modules/@reduxjs/toolkit/dist/redux-toolkit.modern.mjs",
      "file": "@reduxjs_toolkit.js",
      "fileHash": "3d685ed4",
      "needsInterop": false
    },
    "axios": {
      "src": "../../node_modules/axios/index.js",
      "file": "axios.js",
      "fileHash": "f23e3be9",
      "needsInterop": false
    },
    "bootstrap/dist/js/bootstrap.bundle.min.js": {
      "src": "../../node_modules/bootstrap/dist/js/bootstrap.bundle.min.js",
      "file": "bootstrap_dist_js_bootstrap__bundle__min__js.js",
      "fileHash": "12a961c7",
      "needsInterop": true
    },
    "file-saver": {
      "src": "../../node_modules/file-saver/dist/FileSaver.min.js",
      "file": "file-saver.js",
      "fileHash": "624c279d",
      "needsInterop": true
    },
    "framer-motion": {
      "src": "../../node_modules/framer-motion/dist/es/index.mjs",
      "file": "framer-motion.js",
      "fileHash": "c849a64b",
      "needsInterop": false
    },
    "highcharts": {
      "src": "../../node_modules/highcharts/highcharts.js",
      "file": "highcharts.js",
      "fileHash": "6afb7609",
      "needsInterop": true
    },
    "highcharts-react-official": {
      "src": "../../node_modules/highcharts-react-official/dist/highcharts-react.min.js",
      "file": "highcharts-react-official.js",
      "fileHash": "de54111d",
      "needsInterop": true
    },
    "jspdf": {
      "src": "../../node_modules/jspdf/dist/jspdf.es.min.js",
      "file": "jspdf.js",
      "fileHash": "4c3ee3a6",
      "needsInterop": false
    },
    "jspdf-autotable": {
      "src": "../../node_modules/jspdf-autotable/dist/jspdf.plugin.autotable.mjs",
      "file": "jspdf-autotable.js",
      "fileHash": "586f0455",
      "needsInterop": false
    },
    "react": {
      "src": "../../node_modules/react/index.js",
      "file": "react.js",
      "fileHash": "ddbbc5c8",
      "needsInterop": true
    },
    "react-bootstrap": {
      "src": "../../node_modules/react-bootstrap/esm/index.js",
      "file": "react-bootstrap.js",
      "fileHash": "b65a525c",
      "needsInterop": false
    },
    "react-datepicker": {
      "src": "../../node_modules/react-datepicker/dist/index.es.js",
      "file": "react-datepicker.js",
      "fileHash": "f82b4d21",
      "needsInterop": false
    },
    "react-dom/client": {
      "src": "../../node_modules/react-dom/client.js",
      "file": "react-dom_client.js",
      "fileHash": "817f4b41",
      "needsInterop": true
    },
    "react-icons/bs": {
      "src": "../../node_modules/react-icons/bs/index.mjs",
      "file": "react-icons_bs.js",
      "fileHash": "3f22b9c7",
      "needsInterop": false
    },
    "react-icons/fa": {
      "src": "../../node_modules/react-icons/fa/index.mjs",
      "file": "react-icons_fa.js",
      "fileHash": "484e2be6",
      "needsInterop": false
    },
    "react-icons/ri": {
      "src": "../../node_modules/react-icons/ri/index.mjs",
      "file": "react-icons_ri.js",
      "fileHash": "95a5aec7",
      "needsInterop": false
    },
    "react-redux": {
      "src": "../../node_modules/react-redux/dist/react-redux.mjs",
      "file": "react-redux.js",
      "fileHash": "79df7e0a",
      "needsInterop": false
    },
    "react-router-dom": {
      "src": "../../node_modules/react-router-dom/dist/index.mjs",
      "file": "react-router-dom.js",
      "fileHash": "857faf70",
      "needsInterop": false
    },
    "react-virtuoso": {
      "src": "../../node_modules/react-virtuoso/dist/index.mjs",
      "file": "react-virtuoso.js",
      "fileHash": "ef0d1972",
      "needsInterop": false
    },
    "xlsx": {
      "src": "../../node_modules/xlsx/xlsx.mjs",
      "file": "xlsx.js",
      "fileHash": "c9b7efcf",
      "needsInterop": false
    }
  },
  "chunks": {
    "index.es-ISIPND53": {
      "file": "index__es-ISIPND53.js"
    },
    "chunk-SGLBH52P": {
      "file": "chunk-SGLBH52P.js"
    },
    "html2canvas.esm-BKLXZZBT": {
      "file": "html2canvas__esm-BKLXZZBT.js"
    },
    "purify.es-JY3CPTI7": {
      "file": "purify__es-JY3CPTI7.js"
    },
    "chunk-EO7JTZSA": {
      "file": "chunk-EO7JTZSA.js"
    },
    "chunk-FYGYNQUM": {
      "file": "chunk-FYGYNQUM.js"
    },
    "chunk-32EALFBN": {
      "file": "chunk-32EALFBN.js"
    },
    "chunk-SITVF2AJ": {
      "file": "chunk-SITVF2AJ.js"
    },
    "chunk-G3PMV62Z": {
      "file": "chunk-G3PMV62Z.js"
    }
  }
}